{
  "project_name": "Example_02",
  "q": 10.0,
  "lc": 0.06,
  "d": 0.2,
  "E": 35000000.0,
  "nu": 0.25,
  "n_query_pts": 100,
  "edges_text": "0.0,0.0,1,1\n6.0,0.0,0,0\n6.0,2.0,1,1\n0.0,2.0,0,0",
  "line_par_x": [
    0.0,
    6.0,
    1.0
  ],
  "line_par_y": [
    0.0,
    2.0,
    3.0
  ],
  "field_extrema": {
    "mx": {
      "min": {
        "value": -0.930329328798208,
        "x": 0.1759676729282305,
        "y": 0.031524638471098654
      },
      "max": {
        "value": 0.4196701647607596,
        "x": 2.1410355306384488,
        "y": 0.9577243804385198
      }
    },
    "my": {
      "min": {
        "value": -3.588662774700306,
        "x": 0.14933523897156822,
        "y": 1.9844634396925134
      },
      "max": {
        "value": 1.7327126242599944,
        "x": 0.03338032578552458,
        "y": 0.9991709365167389
      }
    },
    "mxy": {
      "min": {
        "value": -0.4233228396878507,
        "x": 5.965294340476664,
        "y": 1.985396305717257
      },
      "max": {
        "value": 0.41977058600954886,
        "x": 0.034286074519206275,
        "y": 1.985681024624571
      }
    },
    "mx_dim_lower": {
      "min": {
        "value": -0.92467070809577,
        "x": 0.17816392564476533,
        "y": 1.968447765874758
      },
      "max": {
        "value": 0.4198798142031932,
        "x": 2.201039828236684,
        "y": 0.9575457497969063
      }
    },
    "my_dim_lower": {
      "min": {
        "value": -3.577707417456557,
        "x": 5.848924633541925,
        "y": 1.984438802862557
      },
      "max": {
        "value": 1.7528326696737924,
        "x": 0.016980890270164417,
        "y": 1.0882352941211983
      }
    },
    "mx_dim_upper": {
      "min": {
        "value": -0.9674530218391355,
        "x": 5.877818379323126,
        "y": 1.9667214135160087
      },
      "max": {
        "value": 0.41951563917049517,
        "x": 3.8208488766034785,
        "y": 0.9525186358559373
      }
    },
    "my_dim_upper": {
      "min": {
        "value": -3.628943848480691,
        "x": 0.147783681854389,
        "y": 0.015536200163094222
      },
      "max": {
        "value": 1.7326216898742077,
        "x": 0.03338032578552458,
        "y": 0.9991709365167389
      }
    }
  }
}