{
  "project_name": "Example_01",
  "q": 15.0,
  "lc": 0.06,
  "nu": 0.25,
  "n_query_pts": 100,
  "edges_text": "0.0,0.0,1,1\n4.0,0.0,1,0\n3.0,3.0,0,0\n0.0,3.0,1,1",
  "line_par_x": [
    0.0,
    3.6,
    1.0
  ],
  "line_par_y": [
    0.0,
    3.0,
    1.0
  ],
  "field_extrema": {
    "mx": {
      "min": {
        "value": -17.88427962883687,
        "x": 0.0171498600153138,
        "y": 2.8494070938215628
      },
      "max": {
        "value": 9.341019685765085,
        "x": 1.9147532622931547,
        "y": 2.9711954130432594
      }
    },
    "my": {
      "min": {
        "value": -12.83196498971669,
        "x": 1.9999999999948144,
        "y": 0.014360201417008642
      },
      "max": {
        "value": 4.171513548430629,
        "x": 2.2645809561113954,
        "y": 1.7041926820935174
      }
    },
    "mxy": {
      "min": {
        "value": -2.458382576119241,
        "x": 0.8120066828841069,
        "y": 0.8071528615063756
      },
      "max": {
        "value": 4.9985639823324775,
        "x": 2.9679133214855358,
        "y": 2.983338441232301
      }
    },
    "mx_dim_lower": {
      "min": {
        "value": -17.7824995114645,
        "x": 0.0171498600153138,
        "y": 2.8494070938215628
      },
      "max": {
        "value": 10.811149590277608,
        "x": 2.1300000000022465,
        "y": 2.9877261203260295
      }
    },
    "my_dim_lower": {
      "min": {
        "value": -12.830994581088152,
        "x": 1.9999999999948144,
        "y": 0.014360201417008642
      },
      "max": {
        "value": 6.094120701880789,
        "x": 2.730100160858585,
        "y": 1.613628751458862
      }
    },
    "mx_dim_upper": {
      "min": {
        "value": -17.98605974620924,
        "x": 0.0171498600153138,
        "y": 2.8494070938215628
      },
      "max": {
        "value": 8.632823875595065,
        "x": 1.6493177946145867,
        "y": 2.984098740232891
      }
    },
    "my_dim_upper": {
      "min": {
        "value": -12.832935398345224,
        "x": 1.9999999999948144,
        "y": 0.014360201417008642
      },
      "max": {
        "value": 3.8074026882435077,
        "x": 1.7288094385688704,
        "y": 1.614730954842983
      }
    }
  }
}