{
  "project_name": "Example_04",
  "q": 20.0,
  "lc": 0.1,
  "d": 0.2,
  "E": 35000000.0,
  "nu": 0.25,
  "n_query_pts": 100,
  "edges_text": "0.0,0.0,1,0\n6.0,0.0,1,0\n6.0,6.0,1,0\n0.0,6.0,1,0",
  "line_par_x": [
    0.0,
    6.0,
    3.0
  ],
  "line_par_y": [
    0.0,
    6.0,
    3.0
  ],
  "field_extrema": {
    "mx": {
      "min": {
        "value": 0.005713906932397346,
        "x": 5.98048264546346,
        "y": 3.249557671351444
      },
      "max": {
        "value": 33.151490581990544,
        "x": 3.059956426702562,
        "y": 3.000000000006781
      }
    },
    "my": {
      "min": {
        "value": -0.47201247378109373,
        "x": 5.960890966558131,
        "y": 3.1999775675628923
      },
      "max": {
        "value": 33.150593211819654,
        "x": 3.002221399783625,
        "y": 3.0000000000067644
      }
    },
    "mxy": {
      "min": {
        "value": -25.05258563437052,
        "x": 5.9755983064147555,
        "y": 5.94226497308116
      },
      "max": {
        "value": 25.055181405673146,
        "x": 5.975598306414453,
        "y": 0.057735026918660726
      }
    },
    "mx_dim_lower": {
      "min": {
        "value": 0.20513822433690426,
        "x": 3.0005614695132303,
        "y": 5.941612729789148
      },
      "max": {
        "value": 33.1897825886523,
        "x": 3.233161507459324,
        "y": 3.200000000006756
      }
    },
    "my_dim_lower": {
      "min": {
        "value": 0.15689807626895033,
        "x": 5.943188152503889,
        "y": 3.000272041583821
      },
      "max": {
        "value": 33.154760853979,
        "x": 2.973353886324142,
        "y": 3.0500000000067375
      }
    },
    "mx_dim_upper": {
      "min": {
        "value": -25.046249765922973,
        "x": 5.975598306414453,
        "y": 0.057735026918660726
      },
      "max": {
        "value": 33.151488682759826,
        "x": 3.002221399783625,
        "y": 3.0000000000067644
      }
    },
    "my_dim_upper": {
      "min": {
        "value": -25.039902222329,
        "x": 5.942264973081822,
        "y": 5.975598306414621
      },
      "max": {
        "value": 33.150591313379316,
        "x": 3.002221399783625,
        "y": 3.0000000000067644
      }
    }
  }
}