{
  "project_name": "Example_03",
  "q": 10.0,
  "lc": 0.06,
  "d": 0.2,
  "E": 35000000.0,
  "nu": 0.25,
  "n_query_pts": 100,
  "edges_text": "0.0,0.0,0,0\n3.0,0.0,0,1\n3.0,1.0,0,0\n0.0,1.0,1,0",
  "line_par_x": [
    0.0,
    3.0,
    0.5
  ],
  "line_par_y": [
    0.0,
    1.0,
    2.9
  ],
  "field_extrema": {
    "mx": {
      "min": {
        "value": 0.0011851321266774628,
        "x": 0.012570505843805405,
        "y": 0.2647058823540429
      },
      "max": {
        "value": 45.10447342283038,
        "x": 2.9862760457200928,
        "y": 0.9666705038951391
      }
    },
    "my": {
      "min": {
        "value": -0.1485132896291246,
        "x": 0.030185015872216912,
        "y": 0.23545028582407795
      },
      "max": {
        "value": 0.5050561540810128,
        "x": 2.926308669072199,
        "y": 0.5001993168144314
      }
    },
    "mxy": {
      "min": {
        "value": -2.858874194763402,
        "x": 0.09073120006045549,
        "y": 0.9817612036262655
      },
      "max": {
        "value": 2.864982048811184,
        "x": 0.034705659523621736,
        "y": 0.014603694282856787
      }
    },
    "mx_dim_lower": {
      "min": {
        "value": 0.08813019083169385,
        "x": 0.019072040509857023,
        "y": 0.5025716536764595
      },
      "max": {
        "value": 45.164789687607204,
        "x": 2.9100000000010806,
        "y": 0.9826794919245191
      }
    },
    "my_dim_lower": {
      "min": {
        "value": -0.06392027618780032,
        "x": 0.03280975325869112,
        "y": 0.5319834183822466
      },
      "max": {
        "value": 2.866581557960725,
        "x": 0.034705659523621736,
        "y": 0.014603694282856787
      }
    },
    "mx_dim_upper": {
      "min": {
        "value": -2.296168833796612,
        "x": 0.013959296130977567,
        "y": 0.9665321548489346
      },
      "max": {
        "value": 45.10255313904755,
        "x": 2.9862760457200928,
        "y": 0.9666705038951391
      }
    },
    "my_dim_upper": {
      "min": {
        "value": -2.8633825396616435,
        "x": 0.034705659523621736,
        "y": 0.014603694282856787
      },
      "max": {
        "value": 0.5028710437860817,
        "x": 2.926308669072199,
        "y": 0.5001993168144314
      }
    }
  }
}